{"cameraMode":{"drawMode":0,"name":"Shaded","section":"Shading Mode"},"sceneLighting":true,"audioPlay":false,"sceneViewState":{"m_AlwaysRefresh":false,"showFog":true,"showSkybox":true,"showFlares":true,"showImageEffects":true,"showParticleSystems":true,"showVisualEffectGraphs":true,"m_FxEnabled":true},"in2DMode":false,"pivot":{"x":7.508249282836914,"y":17.197134017944337,"z":56.08559799194336},"rotation":{"x":-0.04362466558814049,"y":0.7185957431793213,"z":-0.04574168473482132,"w":-0.6913290619850159},"size":0.43169087171554568,"orthographic":false}